ID,Stock_ticker,Transaction_type,Date,Quantity,Price,Dividend,Total_amount
1,NVDA,Dividend,2024-02-29,0,0.00,4.10,0
2,META,Buy,2024-02-07,30,468.63,0.00,14058.81
3,JPM,Sell,2023-11-03,-7,141.30,0.00,(989.1)
4,JPM,Dividend,2024-03-15,0,0.00,1.43,0
5,NFLX,Dividend,2024-01-22,0,0.00,0.62,0
6,JPM,Dividend,2023-02-15,0,0.00,1.55,0
7,AAPL,Buy,2023-12-22,49,193.09,0.00,9461.48
8,MSFT,Dividend,2023-08-08,0,0.00,1.85,0
9,AAPL,Buy,2023-08-29,16,183.39,0.00,2934.31
10,META,Sell,2024-06-25,-4,510.60,0.00,(2042.4)
11,TSLA,Dividend,2024-06-10,0,0.00,3.81,0
12,AMZN,Buy,2023-04-12,29,97.83,0.00,2837.07
13,AAPL,Buy,2023-05-24,26,170.93,0.00,4444.24
14,AAPL,Buy,2023-03-13,20,149.47,0.00,2989.37
15,TSLA,Buy,2024-02-01,23,188.86,0.00,4343.78
16,V,Buy,2023-10-11,29,234.31,0.00,6794.93
17,NFLX,Dividend,2024-02-22,0,0.00,3.99,0
18,NFLX,Sell,2023-10-31,-40,411.69,0.00,(16467.6)
19,META,Dividend,2023-05-22,0,0.00,3.15,0
20,TSLA,Buy,2024-03-26,46,177.67,0.00,8172.82
21,META,Sell,2023-11-16,-6,333.50,0.00,(2001.03)
22,MSFT,Dividend,2023-09-21,0,0.00,1.26,0
23,TSLA,Sell,2024-04-23,-42,144.68,0.00,(6076.56)
24,NVDA,Sell,2023-05-26,-55,38.93,0.00,(2141.17)
25,AMZN,Buy,2024-03-11,60,171.96,0.00,10317.6
26,JPM,Dividend,2023-08-22,0,0.00,4.86,0
27,META,Sell,2024-05-22,-10,467.32,0.00,(4673.16)
28,TSLA,Sell,2023-09-26,-16,244.12,0.00,(3905.92)
29,NVDA,Dividend,2023-02-06,0,0.00,3.69,0
30,GOOGL,Buy,2024-03-28,15,150.76,0.00,2261.35
31,V,Dividend,2024-04-10,0,0.00,2.69,0
32,NVDA,Dividend,2024-02-13,0,0.00,4.04,0
33,V,Sell,2023-09-07,-22,245.70,0.00,(5405.43)
34,NFLX,Dividend,2023-05-22,0,0.00,4.79,0
35,AAPL,Dividend,2024-06-18,0,0.00,3.72,0
36,NFLX,Sell,2024-02-06,-70,555.88,0.00,(38911.6)
37,AMZN,Sell,2023-03-20,-40,97.71,0.00,(3908.4)
38,NVDA,Dividend,2023-11-29,0,0.00,3.01,0
39,NFLX,Sell,2024-02-29,-43,602.92,0.00,(25925.56)
40,MSFT,Buy,2023-09-14,55,336.78,0.00,18523.04
41,NFLX,Sell,2023-08-10,-15,429.98,0.00,(6449.7)
42,META,Dividend,2024-04-19,0,0.00,2.98,0
43,NFLX,Sell,2023-08-02,-42,429.70,0.00,(18047.4)
44,NVDA,Buy,2024-03-14,1,87.94,0.00,87.94
45,NFLX,Dividend,2023-05-03,0,0.00,2.65,0
46,TSLA,Buy,2024-05-06,34,184.76,0.00,6281.84
47,V,Sell,2023-01-10,-4,218.54,0.00,(874.14)
48,NVDA,Buy,2024-03-26,63,92.55,0.00,5830.86
49,MSFT,Buy,2023-02-02,93,261.32,0.00,24302.67
50,META,Dividend,2023-01-09,0,0.00,1.35,0
51,TSLA,Buy,2024-04-09,32,176.88,0.00,5660.16
52,MSFT,Buy,2023-03-06,84,254.32,0.00,21362.9
53,JPM,Sell,2023-09-18,-29,146.27,0.00,(4241.75)
54,TSLA,Buy,2023-03-27,3,191.81,0.00,575.43
55,NFLX,Buy,2023-10-20,32,400.96,0.00,12830.72
56,JPM,Dividend,2023-08-30,0,0.00,4.18,0
57,NFLX,Dividend,2023-03-13,0,0.00,4.06,0
58,AMZN,Dividend,2024-04-09,0,0.00,4.17,0
59,TSLA,Buy,2023-09-08,67,248.50,0.00,16649.5
60,TSLA,Sell,2024-03-22,-11,170.83,0.00,(1879.13)
61,V,Buy,2023-03-02,89,216.95,0.00,19308.82
62,NFLX,Buy,2023-11-29,2,477.19,0.00,954.38
63,TSLA,Sell,2024-01-29,-15,190.93,0.00,(2863.95)
64,NFLX,Sell,2023-03-20,-7,305.13,0.00,(2135.91)
65,META,Dividend,2023-09-11,0,0.00,1.88,0
66,NFLX,Buy,2023-01-12,62,330.13,0.00,20468.06
67,GOOGL,Dividend,2023-08-29,0,0.00,1.29,0
68,TSLA,Sell,2023-05-23,-3,185.77,0.00,(557.31)
69,AMZN,Buy,2024-05-23,73,181.05,0.00,13216.65
70,V,Sell,2023-10-06,-56,233.67,0.00,(13085.61)
71,MSFT,Dividend,2024-04-30,0,0.00,4.16,0
72,AMZN,Sell,2024-05-13,-8,186.57,0.00,(1492.56)
73,MSFT,Buy,2023-01-20,44,237.24,0.00,10438.62
74,TSLA,Dividend,2024-04-17,0,0.00,0.83,0
75,MSFT,Buy,2024-06-21,21,449.78,0.00,9445.38
76,V,Dividend,2024-04-24,0,0.00,2.72,0
77,AAPL,Dividend,2023-02-13,0,0.00,2.22,0
78,TSLA,Sell,2024-02-26,-26,199.40,0.00,(5184.4)
79,NFLX,Dividend,2023-10-13,0,0.00,3.02,0
80,V,Buy,2024-05-21,27,275.95,0.00,7450.65
81,JPM,Sell,2023-07-07,-1,141.58,0.00,(141.58)
82,V,Sell,2023-03-31,-8,223.29,0.00,(1786.33)
83,NFLX,Sell,2024-04-12,-42,622.83,0.00,(26158.86)
84,GOOGL,Sell,2023-07-12,-12,118.79,0.00,(1425.52)
85,NVDA,Dividend,2024-05-07,0,0.00,3.68,0
86,GOOGL,Buy,2023-05-23,50,122.42,0.00,6120.97
87,GOOGL,Sell,2024-03-05,-65,132.52,0.00,(8613.66)
88,V,Sell,2024-04-29,-38,271.34,0.00,(10310.84)
89,AMZN,Sell,2023-10-09,-19,128.26,0.00,(2436.94)
90,NFLX,Buy,2023-09-08,83,442.80,0.00,36752.4
91,META,Dividend,2023-07-19,0,0.00,1.02,0
92,MSFT,Buy,2024-03-04,28,414.17,0.00,11596.84
93,NFLX,Buy,2023-12-29,62,486.88,0.00,30186.56
94,GOOGL,Buy,2023-10-03,100,132.28,0.00,13227.82
95,TSLA,Sell,2023-11-10,-32,214.65,0.00,(6868.8)
96,TSLA,Sell,2023-12-05,-1,238.72,0.00,(238.72)
97,NFLX,Buy,2024-04-29,95,559.49,0.00,53151.55
98,NFLX,Sell,2024-01-16,-29,481.24,0.00,(13955.96)
99,MSFT,Buy,2023-12-26,3,373.30,0.00,1119.89
100,AMZN,Buy,2023-04-21,73,106.96,0.00,7808.08
101,TSLA,Sell,2023-07-11,-71,269.79,0.00,(19155.09)
102,GOOGL,Buy,2023-08-22,77,128.93,0.00,9927.77
103,NFLX,Sell,2024-06-07,-70,641.47,0.00,(44902.9)
104,AAPL,Buy,2024-02-22,83,184.12,0.00,15281.98
105,GOOGL,Buy,2023-09-29,63,130.71,0.00,8234.73
106,NVDA,Dividend,2023-05-11,0,0.00,4.89,0
107,AAPL,Dividend,2024-05-20,0,0.00,1.23,0
108,V,Dividend,2023-09-05,0,0.00,2.67,0
109,TSLA,Buy,2023-04-19,28,180.59,0.00,5056.52
110,JPM,Dividend,2023-11-08,0,0.00,2.31,0
111,AAPL,Dividend,2023-02-21,0,0.00,1.47,0
112,V,Buy,2023-08-31,49,244.25,0.00,11968.24
113,NVDA,Buy,2023-07-10,25,42.17,0.00,1054.18
114,V,Buy,2023-11-09,1,240.74,0.00,240.74
115,GOOGL,Dividend,2023-02-27,0,0.00,2.13,0
116,AMZN,Sell,2023-06-14,-4,126.42,0.00,(505.68)
117,MSFT,Dividend,2023-03-02,0,0.00,3.81,0
118,AAPL,Dividend,2023-03-23,0,0.00,1.90,0
119,NFLX,Dividend,2023-10-03,0,0.00,0.70,0
120,AMZN,Buy,2024-02-09,40,174.45,0.00,6978.0
121,TSLA,Dividend,2023-08-22,0,0.00,2.55,0
122,MSFT,Buy,2024-04-23,94,406.84,0.00,38242.6
123,GOOGL,Buy,2023-09-28,70,132.16,0.00,9251.08
124,MSFT,Buy,2023-06-28,5,333.24,0.00,1666.22
125,META,Sell,2024-06-07,-29,492.47,0.00,(14281.66)
126,V,Sell,2023-10-25,-21,235.47,0.00,(4944.89)
127,TSLA,Dividend,2023-06-09,0,0.00,3.23,0
128,NFLX,Dividend,2023-10-05,0,0.00,1.17,0
129,NVDA,Dividend,2023-12-12,0,0.00,2.87,0
130,MSFT,Buy,2023-08-03,23,324.12,0.00,7454.86
131,MSFT,Dividend,2024-01-29,0,0.00,0.54,0
132,NFLX,Sell,2023-05-05,-54,322.76,0.00,(17429.04)
133,TSLA,Dividend,2023-11-03,0,0.00,2.10,0
134,META,Dividend,2023-11-01,0,0.00,2.08,0
135,NFLX,Sell,2023-05-24,-11,364.85,0.00,(4013.35)
136,AMZN,Sell,2023-01-05,-72,83.12,0.00,(5984.64)
137,NFLX,Dividend,2023-01-04,0,0.00,2.86,0
138,AMZN,Dividend,2023-03-28,0,0.00,4.77,0
139,NFLX,Sell,2023-07-20,-14,437.42,0.00,(6123.88)
140,AMZN,Buy,2023-05-19,42,116.25,0.00,4882.5
141,JPM,Dividend,2023-09-08,0,0.00,1.57,0
142,JPM,Dividend,2023-07-06,0,0.00,0.89,0
143,MSFT,Sell,2024-03-13,-3,414.35,0.00,(1243.06)
144,JPM,Buy,2023-09-25,49,143.65,0.00,7038.77
145,NVDA,Sell,2023-01-17,-8,17.69,0.00,(141.53)
146,MSFT,Sell,2023-02-03,-3,255.15,0.00,(765.44)
147,TSLA,Dividend,2023-04-13,0,0.00,4.39,0
148,GOOGL,Buy,2023-08-03,30,128.30,0.00,3849.08
149,AAPL,Sell,2023-06-09,-13,180.00,0.00,(2340.05)
150,V,Sell,2023-04-28,-24,230.49,0.00,(5531.8)
151,TSLA,Dividend,2024-02-09,0,0.00,2.34,0
152,NFLX,Sell,2024-04-18,-10,610.56,0.00,(6105.6)
153,V,Buy,2023-08-04,38,237.15,0.00,9011.8
154,AAPL,Dividend,2023-03-23,0,0.00,3.70,0
155,TSLA,Dividend,2023-02-16,0,0.00,4.74,0
156,GOOGL,Sell,2023-11-29,-40,134.84,0.00,(5393.41)
157,MSFT,Buy,2024-03-08,56,405.49,0.00,22707.36
158,MSFT,Buy,2023-02-06,35,253.59,0.00,8875.51
159,JPM,Buy,2023-02-10,36,136.33,0.00,4907.82
160,TSLA,Buy,2023-10-24,28,216.52,0.00,6062.56
161,JPM,Sell,2024-01-18,-31,166.45,0.00,(5159.92)
162,MSFT,Sell,2024-06-21,-67,449.78,0.00,(30135.26)
163,GOOGL,Buy,2023-04-05,37,104.35,0.00,3860.96
164,NVDA,Buy,2023-08-02,69,44.26,0.00,3053.65
165,V,Buy,2024-05-24,14,274.49,0.00,3842.86
166,AAPL,Buy,2024-03-04,16,174.86,0.00,2797.81
167,NFLX,Dividend,2024-03-25,0,0.00,4.37,0
168,NFLX,Buy,2023-02-01,54,361.99,0.00,19547.46
169,NFLX,Dividend,2024-01-10,0,0.00,1.57,0
170,NVDA,Sell,2023-10-12,-8,46.93,0.00,(375.48)
171,JPM,Buy,2023-11-03,89,141.30,0.00,12575.65
172,JPM,Sell,2023-09-12,-42,143.54,0.00,(6028.7)
173,MSFT,Buy,2023-03-10,100,246.12,0.00,24612.24
174,NFLX,Dividend,2024-03-11,0,0.00,3.80,0
175,MSFT,Buy,2023-11-17,37,368.50,0.00,13634.6
176,V,Sell,2024-06-07,-64,278.67,0.00,(17834.88)
177,AAPL,Dividend,2023-09-06,0,0.00,1.53,0
178,NVDA,Dividend,2023-03-22,0,0.00,2.69,0
179,AMZN,Dividend,2023-01-09,0,0.00,2.35,0
180,GOOGL,Sell,2024-02-20,-13,140.96,0.00,(1832.46)
181,V,Buy,2023-02-01,29,228.23,0.00,6618.73
182,JPM,Buy,2023-03-13,95,126.87,0.00,12052.22
183,MSFT,Sell,2023-11-21,-1,371.71,0.00,(371.71)
184,TSLA,Buy,2023-03-13,62,174.48,0.00,10817.76
185,META,Dividend,2024-01-08,0,0.00,1.28,0
186,JPM,Buy,2023-08-15,17,147.94,0.00,2515.06
187,GOOGL,Buy,2024-03-18,8,147.51,0.00,1180.09
188,MSFT,Sell,2023-06-15,-2,345.40,0.00,(690.8)
189,MSFT,Sell,2023-09-11,-15,336.03,0.00,(5040.4)
190,TSLA,Dividend,2024-06-18,0,0.00,4.51,0
191,META,Sell,2023-11-13,-4,328.51,0.00,(1314.06)
192,META,Buy,2023-09-11,67,306.93,0.00,20564.26
193,JPM,Buy,2024-04-18,79,181.25,0.00,14318.75
194,GOOGL,Dividend,2024-03-07,0,0.00,3.22,0
195,AAPL,Dividend,2023-03-27,0,0.00,2.89,0
196,NVDA,Buy,2023-11-24,81,47.77,0.00,3869.02
197,JPM,Buy,2023-02-21,4,134.97,0.00,539.86
198,AMZN,Dividend,2023-03-13,0,0.00,2.26,0
199,JPM,Buy,2023-11-20,21,151.47,0.00,3180.81
200,TSLA,Buy,2023-11-01,63,205.66,0.00,12956.58
201,NFLX,Buy,2023-09-15,11,396.94,0.00,4366.34
202,AMZN,Buy,2023-05-18,55,118.15,0.00,6498.25
203,AMZN,Sell,2024-01-10,-23,153.73,0.00,(3535.79)
204,V,Buy,2024-01-24,62,270.64,0.00,16779.9
205,NFLX,Sell,2023-06-26,-51,415.94,0.00,(21212.94)
206,JPM,Buy,2023-08-11,26,151.50,0.00,3938.88
207,NFLX,Dividend,2024-06-11,0,0.00,0.92,0
208,NFLX,Sell,2023-03-24,-73,328.39,0.00,(23972.47)
209,NFLX,Sell,2024-05-17,-1,621.10,0.00,(621.1)
210,V,Dividend,2023-12-22,0,0.00,2.20,0
211,TSLA,Sell,2023-02-06,-73,194.76,0.00,(14217.48)
212,GOOGL,Dividend,2024-01-29,0,0.00,3.65,0
213,GOOGL,Dividend,2023-03-02,0,0.00,3.22,0
214,NFLX,Dividend,2023-01-03,0,0.00,4.07,0
215,META,Sell,2023-12-26,-13,354.10,0.00,(4603.33)
216,JPM,Dividend,2024-03-04,0,0.00,0.52,0
217,GOOGL,Buy,2024-04-29,55,165.96,0.00,9127.77
218,NFLX,Buy,2024-02-16,89,583.95,0.00,51971.55
219,JPM,Buy,2024-04-29,40,193.28,0.00,7731.2
220,AAPL,Dividend,2023-05-30,0,0.00,2.54,0
221,V,Dividend,2023-04-20,0,0.00,3.72,0
222,NFLX,Buy,2023-02-17,83,347.96,0.00,28880.68
223,MSFT,Dividend,2024-04-02,0,0.00,1.45,0
224,NVDA,Sell,2023-04-17,-7,26.99,0.00,(188.94)
225,META,Dividend,2024-04-01,0,0.00,4.75,0
226,GOOGL,Buy,2023-03-01,26,90.26,0.00,2346.67
227,MSFT,Sell,2024-05-31,-18,415.13,0.00,(7472.34)
228,AMZN,Dividend,2024-05-10,0,0.00,3.39,0
229,V,Sell,2024-03-12,-52,283.40,0.00,(14736.57)
230,NFLX,Sell,2023-04-24,-1,329.02,0.00,(329.02)
231,AMZN,Dividend,2023-07-14,0,0.00,0.80,0
232,V,Sell,2024-02-15,-16,280.46,0.00,(4487.38)
233,TSLA,Buy,2023-09-21,79,255.70,0.00,20200.3
234,JPM,Buy,2023-10-16,49,146.09,0.00,7158.49
235,TSLA,Buy,2023-08-16,40,225.60,0.00,9024.0
236,MSFT,Sell,2023-03-16,-22,273.46,0.00,(6016.08)
237,V,Sell,2024-03-06,-2,279.91,0.00,(559.82)
238,NFLX,Sell,2023-12-14,-22,469.83,0.00,(10336.26)
239,AMZN,Buy,2023-05-16,19,113.40,0.00,2154.6
240,TSLA,Sell,2023-12-05,-61,238.72,0.00,(14561.92)
241,NVDA,Buy,2023-06-01,52,39.75,0.00,2067.21
242,JPM,Dividend,2023-10-05,0,0.00,2.90,0
243,JPM,Buy,2023-11-29,27,152.48,0.00,4117.09
244,META,Dividend,2023-02-28,0,0.00,2.01,0
245,MSFT,Dividend,2024-04-15,0,0.00,3.29,0
246,TSLA,Buy,2023-12-28,80,253.18,0.00,20254.4
247,NVDA,Buy,2023-10-05,34,44.68,0.00,1519.06
248,V,Sell,2023-10-05,-9,232.12,0.00,(2089.09)
249,TSLA,Buy,2023-04-10,44,184.51,0.00,8118.44
250,GOOGL,Buy,2023-07-10,82,116.32,0.00,9537.95
251,AAPL,Sell,2024-02-22,-95,184.12,0.00,(17491.43)
252,NVDA,Sell,2024-05-13,-19,90.39,0.00,(1717.44)
253,META,Sell,2023-12-29,-6,353.23,0.00,(2119.4)
254,MSFT,Sell,2024-01-19,-1,397.22,0.00,(397.22)
255,GOOGL,Sell,2024-06-24,-13,179.22,0.00,(2329.86)
256,NFLX,Dividend,2023-09-19,0,0.00,1.90,0
257,META,Sell,2024-03-27,-22,493.37,0.00,(10854.14)
258,JPM,Buy,2023-05-18,85,135.90,0.00,11551.34
259,AAPL,Dividend,2023-04-13,0,0.00,0.57,0
260,V,Buy,2023-07-28,17,233.94,0.00,3976.94
261,MSFT,Buy,2023-04-13,99,286.96,0.00,28409.33
262,GOOGL,Sell,2024-01-04,-5,136.23,0.00,(681.17)
263,AAPL,Buy,2024-06-12,12,213.07,0.00,2556.84
264,MSFT,Dividend,2023-05-08,0,0.00,4.66,0
265,NFLX,Sell,2024-03-05,-4,598.50,0.00,(2394.0)
266,META,Dividend,2023-07-27,0,0.00,0.75,0
267,TSLA,Sell,2024-05-17,-6,177.46,0.00,(1064.76)
268,AMZN,Buy,2024-04-17,62,181.28,0.00,11239.36
269,NVDA,Dividend,2023-02-01,0,0.00,0.70,0
270,AMZN,Sell,2023-08-21,-2,134.68,0.00,(269.36)
271,MSFT,Dividend,2023-02-08,0,0.00,2.51,0
272,GOOGL,Sell,2023-05-10,-41,111.62,0.00,(4576.5)
273,MSFT,Dividend,2023-02-16,0,0.00,0.76,0
274,V,Buy,2024-05-21,21,275.95,0.00,5794.95
275,MSFT,Dividend,2024-02-28,0,0.00,3.31,0
276,NVDA,Buy,2024-02-27,19,78.69,0.00,1495.13
277,JPM,Buy,2024-02-29,71,184.98,0.00,13133.65
278,V,Sell,2024-06-27,-72,269.86,0.00,(19429.92)
279,TSLA,Sell,2023-03-10,-12,173.44,0.00,(2081.28)
280,META,Sell,2023-04-10,-1,214.31,0.00,(214.31)
281,AAPL,Dividend,2023-09-15,0,0.00,4.38,0
282,TSLA,Dividend,2023-07-27,0,0.00,0.86,0
283,JPM,Buy,2023-03-02,75,136.36,0.00,10226.8
284,V,Buy,2024-01-11,100,263.05,0.00,26305.18
285,V,Sell,2024-01-12,-2,263.19,0.00,(526.38)
286,GOOGL,Buy,2024-01-29,64,153.33,0.00,9813.38
287,MSFT,Buy,2023-08-23,49,325.15,0.00,15932.29
288,NVDA,Buy,2023-05-08,49,29.14,0.00,1427.82
289,MSFT,Buy,2023-04-04,19,284.33,0.00,5402.26
290,V,Sell,2023-12-12,-33,258.60,0.00,(8533.74)
291,AMZN,Sell,2023-12-12,-14,147.48,0.00,(2064.72)
292,V,Buy,2024-01-29,49,272.65,0.00,13359.66
293,JPM,Sell,2023-06-20,-29,138.85,0.00,(4026.65)
294,NVDA,Buy,2024-04-29,6,87.75,0.00,526.5
295,META,Buy,2023-08-10,13,305.11,0.00,3966.47
296,NFLX,Sell,2023-05-30,-18,392.98,0.00,(7073.64)
297,META,Buy,2023-10-17,87,323.34,0.00,28130.19
298,JPM,Dividend,2023-07-06,0,0.00,2.31,0
299,V,Sell,2024-03-06,-29,279.91,0.00,(8117.45)
300,TSLA,Sell,2023-08-21,-9,231.28,0.00,(2081.52)
301,JPM,Buy,2023-03-24,61,120.74,0.00,7364.97
302,MSFT,Buy,2023-06-06,78,331.09,0.00,25825.02
303,V,Sell,2024-04-23,-16,273.60,0.00,(4377.66)
304,GOOGL,Dividend,2024-02-29,0,0.00,2.20,0
305,NFLX,Buy,2023-02-07,37,362.95,0.00,13429.15
306,NFLX,Sell,2023-10-04,-74,376.90,0.00,(27890.6)
307,MSFT,Dividend,2023-05-04,0,0.00,3.02,0
308,JPM,Sell,2023-07-13,-54,146.02,0.00,(7885.19)
309,JPM,Sell,2023-08-16,-5,147.32,0.00,(736.58)
310,TSLA,Dividend,2023-07-05,0,0.00,4.45,0
311,GOOGL,Dividend,2023-10-24,0,0.00,4.95,0
312,AAPL,Dividend,2023-01-19,0,0.00,4.92,0
313,AMZN,Dividend,2023-09-14,0,0.00,4.66,0
314,META,Dividend,2023-01-13,0,0.00,3.59,0
315,META,Dividend,2023-01-31,0,0.00,3.00,0
316,GOOGL,Dividend,2024-01-26,0,0.00,4.58,0
317,NFLX,Sell,2024-06-11,-64,648.55,0.00,(41507.2)
318,META,Buy,2024-02-27,19,486.57,0.00,9244.77
319,JPM,Buy,2023-05-10,56,132.96,0.00,7445.54
320,AAPL,Dividend,2023-12-21,0,0.00,2.15,0
321,AAPL,Dividend,2024-03-11,0,0.00,0.97,0
322,NVDA,Sell,2023-05-15,-1,28.94,0.00,(28.94)
323,AAPL,Sell,2023-04-21,-1,163.92,0.00,(163.92)
324,V,Buy,2024-02-07,91,278.35,0.00,25330.29
325,NFLX,Sell,2024-05-23,-21,635.67,0.00,(13349.07)
326,META,Sell,2024-03-15,-7,483.62,0.00,(3385.34)
327,TSLA,Dividend,2024-02-15,0,0.00,2.85,0
328,V,Buy,2023-10-23,65,230.18,0.00,14961.84
329,TSLA,Dividend,2023-03-08,0,0.00,4.67,0
330,META,Sell,2023-01-18,-14,132.75,0.00,(1858.46)
331,NFLX,Sell,2023-02-16,-19,350.71,0.00,(6663.49)
332,MSFT,Buy,2023-04-12,12,280.68,0.00,3368.11
333,MSFT,Buy,2024-01-24,43,401.09,0.00,17247.02
334,JPM,Dividend,2024-03-21,0,0.00,0.82,0
335,NVDA,Buy,2024-04-25,59,82.63,0.00,4874.89
336,JPM,Sell,2023-01-19,-39,130.25,0.00,(5079.69)
337,GOOGL,Buy,2023-04-26,43,103.59,0.00,4454.42
338,V,Dividend,2024-03-14,0,0.00,3.97,0
339,JPM,Buy,2023-01-30,66,134.48,0.00,8875.83
340,NFLX,Sell,2024-06-17,-64,675.83,0.00,(43253.12)
341,AMZN,Dividend,2024-05-07,0,0.00,4.85,0
342,JPM,Sell,2023-06-28,-63,135.01,0.00,(8505.73)
343,MSFT,Dividend,2023-04-20,0,0.00,4.38,0
344,NFLX,Buy,2023-05-26,86,378.88,0.00,32583.68
345,AAPL,Buy,2024-05-23,94,186.88,0.00,17566.72
346,AMZN,Dividend,2023-08-22,0,0.00,1.22,0
347,AMZN,Sell,2023-11-13,-19,142.59,0.00,(2709.21)
348,GOOGL,Sell,2024-05-29,-20,175.70,0.00,(3513.97)
349,NVDA,Sell,2023-03-20,-70,25.89,0.00,(1812.27)
350,V,Dividend,2023-04-24,0,0.00,1.45,0
351,MSFT,Buy,2024-01-18,11,392.44,0.00,4316.79
352,TSLA,Dividend,2024-03-14,0,0.00,0.58,0
353,TSLA,Dividend,2023-05-25,0,0.00,1.09,0
354,META,Dividend,2023-11-15,0,0.00,1.35,0
355,AMZN,Buy,2023-10-10,65,129.48,0.00,8416.2
356,JPM,Buy,2024-03-15,95,189.20,0.00,17973.66
357,META,Dividend,2023-10-20,0,0.00,2.94,0
358,JPM,Buy,2023-01-20,87,130.57,0.00,11359.37
359,TSLA,Sell,2023-08-29,-19,257.18,0.00,(4886.42)
360,GOOGL,Sell,2024-05-21,-13,177.65,0.00,(2309.4)
361,V,Sell,2024-06-07,-2,278.67,0.00,(557.34)
362,V,Sell,2023-03-21,-58,219.82,0.00,(12749.28)
363,JPM,Buy,2024-04-23,96,192.14,0.00,18445.44
364,META,Buy,2023-05-02,87,238.75,0.00,20771.2
365,META,Buy,2024-02-15,95,483.04,0.00,45888.55
366,JPM,Sell,2024-01-26,-31,171.28,0.00,(5309.71)
367,AAPL,Dividend,2024-06-26,0,0.00,2.96,0
368,GOOGL,Dividend,2023-01-11,0,0.00,3.09,0
369,MSFT,Sell,2023-06-02,-62,332.80,0.00,(20633.39)
370,AMZN,Sell,2023-09-15,-76,140.39,0.00,(10669.64)
371,GOOGL,Dividend,2023-08-08,0,0.00,4.80,0
372,META,Dividend,2024-04-23,0,0.00,2.95,0
373,MSFT,Dividend,2023-12-08,0,0.00,1.86,0
374,NFLX,Buy,2024-04-22,58,554.60,0.00,32166.8
375,META,Sell,2023-05-31,-6,264.18,0.00,(1585.06)
376,AMZN,Sell,2024-01-24,-18,156.87,0.00,(2823.66)
377,TSLA,Dividend,2023-02-02,0,0.00,1.07,0
378,NFLX,Sell,2023-01-30,-33,353.11,0.00,(11652.63)
379,AMZN,Sell,2024-02-29,-2,176.76,0.00,(353.52)
380,GOOGL,Sell,2023-09-21,-6,130.29,0.00,(781.74)
381,META,Dividend,2023-06-13,0,0.00,3.07,0
382,AAPL,Dividend,2023-01-10,0,0.00,4.27,0
383,GOOGL,Sell,2024-02-01,-7,141.00,0.00,(986.99)
384,AAPL,Buy,2023-11-28,79,189.90,0.00,15002.08
385,META,Sell,2023-06-09,-11,264.41,0.00,(2908.47)
386,AAPL,Sell,2023-08-08,-37,178.85,0.00,(6617.46)
387,JPM,Sell,2023-12-01,-44,154.97,0.00,(6818.89)
388,AAPL,Sell,2023-12-21,-83,194.17,0.00,(16115.99)
389,JPM,Buy,2023-04-18,42,137.75,0.00,5785.46
390,MSFT,Sell,2023-10-11,-13,330.54,0.00,(4297.0)
391,TSLA,Dividend,2023-11-13,0,0.00,1.93,0
392,MSFT,Sell,2023-08-10,-4,320.42,0.00,(1281.69)
393,TSLA,Sell,2023-06-15,-1,255.90,0.00,(255.9)
394,AAPL,Buy,2024-04-04,74,168.59,0.00,12475.76
395,META,Buy,2023-05-11,35,235.31,0.00,8235.73
396,V,Sell,2023-11-28,-88,252.00,0.00,(22176.25)
397,AAPL,Sell,2024-03-12,-7,173.00,0.00,(1210.97)
398,JPM,Sell,2023-11-14,-25,146.67,0.00,(3666.87)
399,AAPL,Buy,2024-02-07,52,188.91,0.00,9823.44
400,MSFT,Buy,2023-03-22,51,269.59,0.00,13748.95
401,AAPL,Buy,2023-08-03,45,190.16,0.00,8557.2
402,JPM,Buy,2023-06-15,9,139.40,0.00,1254.56
403,JPM,Dividend,2023-05-01,0,0.00,3.87,0
404,NFLX,Sell,2023-03-13,-32,293.51,0.00,(9392.32)
405,AMZN,Dividend,2023-11-09,0,0.00,4.71,0
406,NFLX,Buy,2024-03-15,59,605.88,0.00,35746.92
407,JPM,Sell,2023-10-25,-23,138.73,0.00,(3190.8)
408,JPM,Buy,2023-03-09,79,125.99,0.00,9952.88
409,NFLX,Dividend,2023-03-24,0,0.00,4.63,0
410,META,Dividend,2024-01-09,0,0.00,4.45,0
411,AAPL,Sell,2024-04-24,-85,168.79,0.00,(14347.24)
412,MSFT,Dividend,2023-03-16,0,0.00,4.64,0
413,MSFT,Sell,2023-11-29,-2,377.47,0.00,(754.94)
414,AAPL,Dividend,2024-05-29,0,0.00,4.68,0
415,JPM,Sell,2023-08-17,-13,145.79,0.00,(1895.23)
416,NFLX,Dividend,2023-05-09,0,0.00,1.92,0
417,JPM,Dividend,2024-05-28,0,0.00,2.38,0
418,TSLA,Sell,2023-10-04,-38,261.16,0.00,(9924.08)
419,MSFT,Dividend,2023-07-19,0,0.00,4.13,0
420,NVDA,Sell,2023-04-11,-22,27.16,0.00,(597.48)
421,AMZN,Buy,2024-03-07,81,176.82,0.00,14322.42
422,GOOGL,Dividend,2023-03-08,0,0.00,3.05,0
423,TSLA,Sell,2023-08-17,-58,219.22,0.00,(12714.76)
424,META,Dividend,2024-03-20,0,0.00,4.08,0
425,V,Sell,2024-05-24,-68,274.49,0.00,(18665.32)
426,GOOGL,Buy,2023-01-31,63,98.73,0.00,6219.78
427,AAPL,Dividend,2023-09-12,0,0.00,2.12,0
428,META,Buy,2023-07-24,75,291.01,0.00,21825.9
429,AMZN,Sell,2023-03-23,-5,98.71,0.00,(493.55)
430,NVDA,Sell,2023-12-20,-61,48.10,0.00,(2934.39)
431,GOOGL,Sell,2023-04-11,-5,105.23,0.00,(526.15)
432,AAPL,Buy,2023-02-03,59,153.24,0.00,9041.02
433,AMZN,Sell,2023-12-22,-7,153.42,0.00,(1073.94)
434,AAPL,Dividend,2023-08-25,0,0.00,0.92,0
435,AAPL,Buy,2024-01-03,2,183.77,0.00,367.53
436,NVDA,Buy,2023-11-20,61,50.40,0.00,3074.28
437,AAPL,Sell,2023-11-14,-63,186.95,0.00,(11777.7)
438,MSFT,Dividend,2023-05-19,0,0.00,4.45,0
439,V,Sell,2023-02-15,-48,226.72,0.00,(10882.47)
440,MSFT,Sell,2023-06-02,-1,332.80,0.00,(332.8)
441,META,Dividend,2024-03-21,0,0.00,4.11,0
442,GOOGL,Buy,2024-01-04,28,136.23,0.00,3814.54
443,TSLA,Buy,2023-08-01,27,261.07,0.00,7048.89
444,V,Sell,2024-04-29,-46,271.34,0.00,(12481.54)
445,NVDA,Sell,2024-01-12,-29,54.70,0.00,(1586.39)
446,TSLA,Dividend,2024-04-30,0,0.00,3.12,0
447,NVDA,Sell,2023-03-20,-14,25.89,0.00,(362.45)
448,AMZN,Buy,2023-02-17,5,97.20,0.00,486.0
449,TSLA,Sell,2023-06-02,-48,213.97,0.00,(10270.56)
450,V,Dividend,2024-04-25,0,0.00,2.79,0
451,NVDA,Dividend,2023-09-26,0,0.00,4.20,0
452,V,Dividend,2023-09-28,0,0.00,3.96,0
453,GOOGL,Sell,2023-12-12,-5,132.37,0.00,(661.84)
454,JPM,Buy,2023-06-28,82,135.01,0.00,11070.95
455,V,Sell,2023-05-18,-3,231.80,0.00,(695.41)
456,MSFT,Buy,2023-10-17,39,330.18,0.00,12877.03
457,MSFT,Buy,2024-05-10,34,413.99,0.00,14075.77
458,NFLX,Sell,2023-10-30,-18,410.08,0.00,(7381.44)
459,JPM,Sell,2024-06-17,-44,194.98,0.00,(8579.12)
460,META,Buy,2023-06-05,14,270.83,0.00,3791.67
461,V,Buy,2023-11-07,53,243.35,0.00,12897.29
462,NFLX,Sell,2023-08-08,-11,438.30,0.00,(4821.3)
463,AAPL,Dividend,2023-06-23,0,0.00,2.86,0
464,MSFT,Buy,2023-06-20,31,335.43,0.00,10398.21
465,NVDA,Dividend,2023-01-09,0,0.00,3.75,0
466,NFLX,Sell,2024-06-13,-1,653.26,0.00,(653.26)
467,MSFT,Sell,2024-04-15,-44,412.90,0.00,(18167.39)
468,GOOGL,Dividend,2024-02-13,0,0.00,0.94,0
469,GOOGL,Buy,2024-03-26,89,150.50,0.00,13394.26
470,JPM,Sell,2023-06-08,-67,137.10,0.00,(9185.45)
471,META,Dividend,2023-05-05,0,0.00,0.91,0
472,META,Sell,2023-05-04,-2,233.04,0.00,(466.08)
473,AAPL,Sell,2023-03-30,-36,161.28,0.00,(5806.05)
474,TSLA,Dividend,2023-04-21,0,0.00,4.93,0
475,AAPL,Dividend,2024-02-20,0,0.00,1.92,0
476,MSFT,Dividend,2024-05-14,0,0.00,1.32,0
477,TSLA,Sell,2024-03-20,-1,175.66,0.00,(175.66)
478,NVDA,Sell,2023-04-03,-5,27.95,0.00,(139.77)
479,NVDA,Dividend,2023-07-05,0,0.00,1.92,0
480,GOOGL,Buy,2024-06-17,69,177.24,0.00,12229.56
481,GOOGL,Dividend,2023-01-30,0,0.00,3.41,0
482,NVDA,Buy,2023-05-25,60,37.96,0.00,2277.88
483,AMZN,Sell,2023-01-04,-18,85.14,0.00,(1532.52)
484,AAPL,Buy,2024-06-07,75,196.89,0.00,14766.75
485,NFLX,Buy,2024-01-09,75,482.09,0.00,36156.75
486,AMZN,Dividend,2024-06-27,0,0.00,1.38,0
487,NFLX,Dividend,2023-06-23,0,0.00,3.74,0
488,GOOGL,Sell,2023-02-22,-68,91.54,0.00,(6225.06)
489,AAPL,Sell,2023-10-20,-25,172.20,0.00,(4304.97)
490,MSFT,Dividend,2023-11-08,0,0.00,4.83,0
491,V,Buy,2023-08-16,49,237.90,0.00,11656.95
492,AMZN,Buy,2023-05-08,59,105.83,0.00,6243.97
493,MSFT,Dividend,2024-04-30,0,0.00,1.91,0
494,AAPL,Dividend,2023-12-29,0,0.00,2.32,0
495,TSLA,Buy,2024-03-27,32,179.83,0.00,5754.56
496,AAPL,Sell,2024-05-09,-71,184.32,0.00,(13086.72)
497,V,Buy,2023-08-22,75,239.17,0.00,17937.71
498,GOOGL,Sell,2024-05-29,-61,175.70,0.00,(10717.6)
499,META,Buy,2023-06-14,59,272.79,0.00,16094.58
500,NVDA,Buy,2023-10-24,29,43.65,0.00,1265.95
501,NFLX,Dividend,2024-01-26,0,0.00,1.80,0
502,NVDA,Dividend,2023-09-22,0,0.00,4.31,0
503,META,Sell,2023-07-07,-4,289.93,0.00,(1159.74)
504,GOOGL,Sell,2023-07-10,-17,116.32,0.00,(1977.38)
505,MSFT,Sell,2024-03-05,-3,401.93,0.00,(1205.78)
506,AMZN,Sell,2024-01-12,-49,154.62,0.00,(7576.38)
507,NFLX,Sell,2024-03-01,-32,619.34,0.00,(19818.88)
508,META,Buy,2023-07-05,35,293.77,0.00,10281.82
509,META,Dividend,2023-02-28,0,0.00,1.73,0
510,AMZN,Sell,2023-07-28,-1,132.21,0.00,(132.21)
511,META,Sell,2023-02-08,-5,183.05,0.00,(915.27)
512,GOOGL,Buy,2023-08-28,38,130.86,0.00,4972.67
513,V,Buy,2024-03-26,74,280.08,0.00,20726.04
514,MSFT,Buy,2023-08-23,58,325.15,0.00,18858.63
515,META,Sell,2023-08-04,-4,310.09,0.00,(1240.37)
516,NVDA,Buy,2023-11-06,85,45.74,0.00,3887.99
517,META,Buy,2023-11-21,96,336.29,0.00,32283.74
518,NFLX,Dividend,2023-03-17,0,0.00,0.84,0
519,AMZN,Sell,2024-06-21,-15,189.08,0.00,(2836.2)
520,GOOGL,Buy,2024-02-14,60,145.77,0.00,8746.36
521,AAPL,Sell,2023-03-06,-8,152.81,0.00,(1222.45)
522,NFLX,Dividend,2023-04-13,0,0.00,4.21,0
523,MSFT,Dividend,2023-02-24,0,0.00,1.20,0
524,TSLA,Sell,2023-10-25,-18,212.42,0.00,(3823.56)
525,V,Buy,2024-04-23,16,273.60,0.00,4377.66
526,GOOGL,Sell,2023-12-20,-7,138.18,0.00,(967.27)
527,AAPL,Sell,2023-01-24,-14,141.37,0.00,(1979.12)
528,AAPL,Sell,2023-11-08,-34,182.17,0.00,(6193.76)
529,GOOGL,Buy,2023-12-15,31,132.45,0.00,4105.89
530,NVDA,Sell,2023-05-23,-31,30.68,0.00,(950.94)
531,GOOGL,Sell,2023-08-10,-14,129.54,0.00,(1813.58)
532,META,Sell,2023-10-04,-12,304.95,0.00,(3659.44)
533,TSLA,Sell,2024-06-18,-8,184.86,0.00,(1478.88)
534,AMZN,Buy,2023-03-14,45,94.88,0.00,4269.6
535,NVDA,Dividend,2023-06-21,0,0.00,1.04,0
536,NFLX,Dividend,2024-03-21,0,0.00,4.58,0
537,AAPL,Dividend,2023-08-11,0,0.00,2.56,0
538,META,Buy,2024-02-27,56,486.57,0.00,27247.75
539,AAPL,Dividend,2024-01-18,0,0.00,2.07,0
540,GOOGL,Dividend,2023-11-02,0,0.00,3.34,0
541,GOOGL,Sell,2023-02-15,-24,96.83,0.00,(2323.89)
542,AMZN,Sell,2024-01-19,-1,155.34,0.00,(155.34)
543,AMZN,Sell,2024-03-15,-78,174.42,0.00,(13604.76)
544,JPM,Buy,2023-03-15,56,123.98,0.00,6942.62
545,AAPL,Buy,2023-12-15,79,197.05,0.00,15567.02
546,NVDA,Buy,2023-07-03,62,42.40,0.00,2628.82
547,TSLA,Dividend,2023-06-07,0,0.00,1.96,0
548,AAPL,Buy,2023-08-07,59,177.91,0.00,10496.41
549,TSLA,Sell,2023-05-25,-13,184.47,0.00,(2398.11)
550,META,Sell,2023-10-18,-11,316.32,0.00,(3479.52)
551,AMZN,Dividend,2023-03-17,0,0.00,1.39,0
552,GOOGL,Dividend,2024-06-07,0,0.00,0.90,0
553,JPM,Dividend,2023-11-09,0,0.00,1.77,0
554,JPM,Dividend,2023-03-03,0,0.00,1.06,0
555,AAPL,Sell,2024-05-06,-42,181.46,0.00,(7621.48)
556,META,Sell,2023-07-27,-86,311.07,0.00,(26752.09)
557,V,Buy,2023-07-13,52,241.44,0.00,12554.86
558,JPM,Buy,2024-01-08,32,171.02,0.00,5472.72
559,NVDA,Sell,2023-04-17,-12,26.99,0.00,(323.89)
560,NVDA,Dividend,2024-04-18,0,0.00,2.39,0
561,GOOGL,Buy,2023-10-03,91,132.28,0.00,12037.31
562,NVDA,Dividend,2023-05-03,0,0.00,1.60,0
563,META,Sell,2023-06-07,-72,263.06,0.00,(18940.28)
564,GOOGL,Dividend,2023-05-04,0,0.00,4.96,0
565,NVDA,Sell,2024-02-23,-1,78.81,0.00,(78.81)
566,MSFT,Sell,2023-06-14,-61,334.72,0.00,(20418.02)
567,AMZN,Sell,2023-01-10,-82,89.87,0.00,(7369.34)
568,NFLX,Buy,2023-01-30,85,353.11,0.00,30014.35
569,NVDA,Sell,2023-05-25,-60,37.96,0.00,(2277.88)
570,NFLX,Sell,2024-02-02,-15,564.64,0.00,(8469.6)
571,AMZN,Buy,2023-11-07,88,142.71,0.00,12558.48
572,JPM,Buy,2023-01-20,77,130.57,0.00,10053.7
573,NVDA,Sell,2024-03-12,-74,91.91,0.00,(6801.0)
574,NFLX,Buy,2023-10-31,47,411.69,0.00,19349.43
575,AMZN,Buy,2024-04-12,72,186.13,0.00,13401.36
576,META,Dividend,2024-05-10,0,0.00,1.47,0
577,V,Dividend,2023-01-27,0,0.00,2.24,0
578,GOOGL,Buy,2024-04-25,96,155.82,0.00,14958.83
579,AMZN,Sell,2023-03-23,-4,98.71,0.00,(394.84)
580,NFLX,Sell,2024-04-10,-12,618.58,0.00,(7422.96)
581,MSFT,Buy,2023-06-27,39,331.97,0.00,12946.95
582,GOOGL,Dividend,2023-09-01,0,0.00,1.30,0
583,NFLX,Dividend,2024-01-26,0,0.00,1.10,0
584,TSLA,Buy,2024-05-30,45,178.79,0.00,8045.55
585,GOOGL,Sell,2023-06-29,-29,118.96,0.00,(3449.94)
586,V,Sell,2024-02-22,-38,283.23,0.00,(10762.58)
587,GOOGL,Dividend,2024-04-02,0,0.00,3.74,0
588,AAPL,Dividend,2024-02-01,0,0.00,1.01,0
589,META,Dividend,2024-02-09,0,0.00,2.39,0
590,NVDA,Buy,2023-02-08,54,22.19,0.00,1198.38
591,GOOGL,Buy,2024-05-08,73,169.19,0.00,12350.57
592,GOOGL,Sell,2023-11-22,-92,138.33,0.00,(12726.47)
593,NVDA,Sell,2024-03-07,-65,92.66,0.00,(6022.99)
594,MSFT,Dividend,2023-04-25,0,0.00,1.63,0
595,GOOGL,Sell,2023-05-05,-13,105.45,0.00,(1370.84)
596,AAPL,Buy,2024-04-26,82,169.07,0.00,13863.8
597,AAPL,Dividend,2023-05-30,0,0.00,0.87,0
598,NFLX,Buy,2023-07-19,36,477.59,0.00,17193.24
599,META,Dividend,2023-01-27,0,0.00,2.35,0
600,META,Buy,2023-04-17,70,218.41,0.00,15288.78
601,AMZN,Sell,2024-03-13,-23,176.56,0.00,(4060.88)
602,META,Buy,2024-02-08,48,469.04,0.00,22513.74
603,AAPL,Buy,2023-02-01,96,144.24,0.00,13847.2
604,TSLA,Dividend,2024-04-03,0,0.00,0.73,0
605,JPM,Sell,2023-05-05,-60,133.21,0.00,(7992.56)
606,NFLX,Dividend,2023-07-25,0,0.00,4.79,0
607,TSLA,Buy,2023-05-24,35,182.90,0.00,6401.5
608,V,Dividend,2024-02-29,0,0.00,4.01,0
609,NFLX,Dividend,2023-03-24,0,0.00,2.47,0
610,META,Dividend,2024-06-27,0,0.00,1.76,0
611,JPM,Buy,2023-10-03,33,139.98,0.00,4619.34
612,JPM,Buy,2024-05-14,73,201.51,0.00,14710.23
613,GOOGL,Dividend,2023-06-21,0,0.00,1.95,0
614,AMZN,Sell,2023-06-07,-1,121.23,0.00,(121.23)
615,META,Buy,2023-08-14,63,305.56,0.00,19250.41
616,NFLX,Dividend,2023-01-10,0,0.00,4.48,0
617,MSFT,Sell,2024-03-08,-5,405.49,0.00,(2027.44)
618,META,Dividend,2023-10-05,0,0.00,1.58,0
619,AAPL,Sell,2023-09-19,-65,178.36,0.00,(11593.7)
620,AMZN,Sell,2023-08-18,-26,133.22,0.00,(3463.72)
621,AMZN,Sell,2023-12-06,-61,144.52,0.00,(8815.72)
622,GOOGL,Sell,2023-07-19,-29,121.89,0.00,(3534.81)
623,JPM,Buy,2024-01-26,90,171.28,0.00,15415.28
624,NFLX,Sell,2024-02-06,-6,555.88,0.00,(3335.28)
625,MSFT,Dividend,2023-10-30,0,0.00,3.19,0
626,AMZN,Dividend,2023-08-04,0,0.00,0.99,0
627,NFLX,Sell,2023-02-10,-66,347.36,0.00,(22925.76)
628,AAPL,Sell,2023-08-14,-14,178.75,0.00,(2502.54)
629,NFLX,Buy,2023-12-26,89,491.19,0.00,43715.91
630,V,Buy,2023-01-26,45,222.11,0.00,9995.11
631,NVDA,Dividend,2023-02-28,0,0.00,1.37,0
632,META,Buy,2024-06-04,47,476.52,0.00,22396.29
633,NVDA,Sell,2024-06-07,-35,120.88,0.00,(4230.73)
634,V,Dividend,2023-10-13,0,0.00,0.64,0
635,META,Dividend,2024-01-04,0,0.00,2.91,0
636,AMZN,Dividend,2024-06-11,0,0.00,0.76,0
637,META,Dividend,2023-11-17,0,0.00,1.47,0
638,MSFT,Dividend,2024-04-02,0,0.00,4.63,0
639,TSLA,Buy,2023-04-12,12,180.54,0.00,2166.48
640,GOOGL,Buy,2023-03-29,29,101.27,0.00,2936.94
641,GOOGL,Buy,2024-02-06,79,143.93,0.00,11370.85
642,TSLA,Dividend,2023-01-05,0,0.00,0.90,0
643,NVDA,Buy,2023-03-07,56,23.28,0.00,1303.6
644,TSLA,Buy,2024-06-14,65,178.01,0.00,11570.65
645,JPM,Sell,2024-02-26,-6,182.30,0.00,(1093.78)
646,AMZN,Dividend,2023-03-27,0,0.00,3.20,0
647,NVDA,Dividend,2023-10-11,0,0.00,3.64,0
648,JPM,Sell,2023-09-12,-15,143.54,0.00,(2153.11)
649,AMZN,Dividend,2023-11-10,0,0.00,2.21,0
650,JPM,Sell,2024-02-22,-49,182.01,0.00,(8918.41)
651,JPM,Buy,2023-05-04,5,130.66,0.00,653.28
652,GOOGL,Buy,2024-02-23,36,143.79,0.00,5176.62
653,META,Dividend,2023-08-29,0,0.00,1.29,0
654,TSLA,Dividend,2023-04-19,0,0.00,1.93,0
655,AAPL,Sell,2024-05-29,-8,190.29,0.00,(1522.32)
656,NFLX,Sell,2023-04-12,-24,331.03,0.00,(7944.72)
657,META,Dividend,2023-03-21,0,0.00,3.12,0
658,MSFT,Buy,2024-01-04,25,366.60,0.00,9164.99
659,V,Dividend,2024-02-01,0,0.00,4.66,0
660,TSLA,Buy,2023-02-09,38,207.32,0.00,7878.16
661,TSLA,Sell,2024-03-04,-16,188.14,0.00,(3010.24)
662,AMZN,Sell,2023-09-21,-1,129.33,0.00,(129.33)
663,AAPL,Sell,2023-02-24,-62,145.73,0.00,(9035.47)
664,AAPL,Dividend,2024-06-27,0,0.00,2.31,0
665,NVDA,Buy,2023-05-25,77,37.96,0.00,2923.28
666,TSLA,Buy,2024-01-31,45,187.29,0.00,8428.05
667,GOOGL,Buy,2023-02-15,51,96.83,0.00,4938.27
668,AMZN,Buy,2024-05-21,48,183.15,0.00,8791.2
669,MSFT,Sell,2023-11-10,-85,367.58,0.00,(31244.07)
670,JPM,Dividend,2023-10-05,0,0.00,1.72,0
671,AAPL,Dividend,2024-06-11,0,0.00,3.17,0
672,NFLX,Sell,2023-07-26,-26,422.67,0.00,(10989.42)
673,NFLX,Buy,2023-12-12,33,463.00,0.00,15279.0
674,NFLX,Buy,2024-01-22,48,485.71,0.00,23314.08
675,NVDA,Sell,2024-04-05,-27,88.00,0.00,(2376.02)
676,V,Buy,2023-03-23,91,220.45,0.00,20060.86
677,GOOGL,Buy,2023-06-01,90,123.58,0.00,11122.04
678,GOOGL,Dividend,2023-12-04,0,0.00,3.28,0
679,TSLA,Buy,2023-11-29,75,244.14,0.00,18310.5
680,GOOGL,Buy,2023-04-10,82,106.32,0.00,8718.07
681,META,Sell,2023-12-18,-7,343.91,0.00,(2407.39)
682,MSFT,Sell,2023-05-15,-10,306.39,0.00,(3063.88)
683,GOOGL,Buy,2023-09-19,10,137.88,0.00,1378.82
684,AAPL,Dividend,2024-06-03,0,0.00,2.80,0
685,V,Sell,2023-02-09,-1,227.14,0.00,(227.14)
686,AAPL,Sell,2023-10-06,-90,176.79,0.00,(15911.17)
687,TSLA,Dividend,2023-07-10,0,0.00,3.32,0
688,AMZN,Buy,2023-07-25,29,129.13,0.00,3744.77
689,V,Buy,2023-01-27,55,228.77,0.00,12582.12
690,NFLX,Dividend,2024-03-20,0,0.00,3.41,0
691,TSLA,Sell,2023-12-08,-21,243.84,0.00,(5120.64)
692,META,Dividend,2023-10-16,0,0.00,1.88,0
693,JPM,Sell,2024-03-21,-16,197.91,0.00,(3166.49)
694,AAPL,Dividend,2023-12-27,0,0.00,0.98,0
695,MSFT,Sell,2023-02-17,-30,255.50,0.00,(7664.95)
696,V,Dividend,2024-04-15,0,0.00,4.23,0
697,V,Buy,2024-03-28,74,278.56,0.00,20613.77
698,NVDA,Buy,2023-08-18,16,43.29,0.00,692.58
699,AAPL,Sell,2023-05-04,-69,164.69,0.00,(11363.36)
700,META,Buy,2023-07-12,93,308.71,0.00,28709.62
701,TSLA,Buy,2023-11-15,42,242.84,0.00,10199.28
702,V,Sell,2023-05-05,-23,229.55,0.00,(5279.66)
703,MSFT,Buy,2023-03-03,36,252.76,0.00,9099.21
704,TSLA,Sell,2024-02-07,-3,187.58,0.00,(562.74)
705,NVDA,Dividend,2023-11-01,0,0.00,2.19,0
706,AMZN,Buy,2023-04-20,97,103.81,0.00,10069.57
707,JPM,Buy,2024-05-08,37,195.65,0.00,7239.05
708,META,Buy,2023-03-09,20,181.32,0.00,3626.35
709,MSFT,Dividend,2023-05-26,0,0.00,2.25,0
710,AMZN,Dividend,2024-06-17,0,0.00,0.96,0
711,NFLX,Dividend,2023-12-21,0,0.00,4.91,0
712,MSFT,Sell,2024-05-14,-45,415.81,0.00,(18711.45)
713,TSLA,Buy,2023-12-07,96,242.64,0.00,23293.44
714,AAPL,Buy,2023-03-17,90,153.97,0.00,13857.14
715,V,Buy,2023-07-21,35,237.41,0.00,8309.38
716,NFLX,Buy,2024-02-02,80,564.64,0.00,45171.2
717,GOOGL,Buy,2023-03-09,88,92.21,0.00,8114.85
718,AAPL,Sell,2023-10-11,-19,179.09,0.00,(3402.74)
719,V,Dividend,2023-11-13,0,0.00,1.07,0
720,V,Sell,2024-06-26,-17,273.60,0.00,(4651.2)
721,AAPL,Dividend,2023-12-20,0,0.00,2.18,0
722,MSFT,Sell,2024-05-24,-2,430.16,0.00,(860.32)
723,NFLX,Dividend,2023-08-29,0,0.00,3.08,0
724,AAPL,Buy,2023-01-25,10,140.70,0.00,1407.01
725,V,Dividend,2023-09-08,0,0.00,2.70,0
726,NVDA,Sell,2023-05-11,-27,28.57,0.00,(771.3)
727,V,Sell,2024-03-25,-8,280.69,0.00,(2245.52)
728,V,Sell,2023-03-07,-33,221.02,0.00,(7293.77)
729,AMZN,Buy,2023-01-31,37,103.13,0.00,3815.81
730,MSFT,Buy,2024-05-14,68,415.81,0.00,28275.08
731,V,Dividend,2024-06-27,0,0.00,3.35,0
732,AAPL,Buy,2024-01-26,81,191.91,0.00,15545.07
733,JPM,Buy,2023-08-28,8,144.74,0.00,1157.9
734,V,Buy,2023-12-08,40,254.79,0.00,10191.7
735,NFLX,Sell,2023-07-11,-28,440.21,0.00,(12325.88)
736,META,Buy,2023-11-22,64,340.79,0.00,21810.54
737,NFLX,Buy,2024-06-07,69,641.47,0.00,44261.43
738,GOOGL,Sell,2023-06-21,-16,120.41,0.00,(1926.59)
739,AMZN,Sell,2023-11-02,-22,138.07,0.00,(3037.54)
740,META,Sell,2023-05-30,-3,261.98,0.00,(785.94)
741,AMZN,Buy,2023-03-23,30,98.71,0.00,2961.3
742,MSFT,Sell,2023-12-05,-53,371.16,0.00,(19671.63)
743,NVDA,Sell,2023-04-24,-18,27.03,0.00,(486.56)
744,META,Dividend,2023-03-16,0,0.00,1.02,0
745,TSLA,Buy,2023-08-10,26,245.34,0.00,6378.84
746,NVDA,Buy,2024-01-17,52,56.05,0.00,2914.38
747,JPM,Dividend,2023-04-28,0,0.00,1.29,0
748,AAPL,Sell,2023-09-19,-24,178.36,0.00,(4280.75)
749,GOOGL,Sell,2023-06-20,-29,122.96,0.00,(3565.81)
750,TSLA,Dividend,2023-08-25,0,0.00,4.95,0
751,MSFT,Buy,2024-03-12,14,414.53,0.00,5803.45
752,AMZN,Buy,2024-06-21,67,189.08,0.00,12668.36
753,META,Dividend,2023-11-22,0,0.00,3.51,0
754,AMZN,Buy,2023-06-01,8,122.77,0.00,982.16
755,JPM,Dividend,2023-04-06,0,0.00,2.51,0
756,TSLA,Buy,2024-01-19,85,212.19,0.00,18036.15
757,NFLX,Buy,2023-05-17,58,339.96,0.00,19717.68
758,AMZN,Buy,2024-03-04,88,177.58,0.00,15627.04
759,AAPL,Buy,2024-04-25,43,169.66,0.00,7295.37
760,JPM,Dividend,2024-04-16,0,0.00,4.19,0
761,V,Dividend,2023-03-15,0,0.00,2.82,0
762,GOOGL,Buy,2023-03-10,75,90.53,0.00,6789.46
763,JPM,Sell,2023-08-14,-2,151.81,0.00,(303.62)
764,NVDA,Sell,2023-12-27,-66,49.41,0.00,(3261.1)
765,MSFT,Buy,2023-06-20,28,335.43,0.00,9391.93
766,TSLA,Dividend,2023-08-16,0,0.00,2.56,0
767,TSLA,Dividend,2023-06-13,0,0.00,4.16,0
768,GOOGL,Buy,2023-07-05,87,121.61,0.00,10580.11
769,AMZN,Dividend,2023-03-20,0,0.00,2.48,0
770,MSFT,Sell,2023-07-24,-1,342.43,0.00,(342.43)
771,JPM,Buy,2023-03-17,47,121.61,0.00,5715.54
772,NVDA,Sell,2024-04-15,-5,85.99,0.00,(429.97)
773,GOOGL,Sell,2023-07-20,-12,119.06,0.00,(1428.76)
774,JPM,Buy,2023-05-16,6,130.85,0.00,785.11
775,GOOGL,Sell,2023-12-28,-62,140.07,0.00,(8684.29)
776,AAPL,Buy,2024-04-29,37,173.26,0.00,6410.8
777,META,Buy,2023-03-17,67,195.21,0.00,13078.99
778,AAPL,Buy,2024-05-10,76,183.05,0.00,13911.8
779,TSLA,Buy,2023-12-27,59,261.44,0.00,15424.96
780,META,Buy,2024-05-03,96,451.51,0.00,43345.12
781,GOOGL,Sell,2024-05-17,-16,175.86,0.00,(2813.73)
782,AMZN,Dividend,2024-04-04,0,0.00,3.68,0
783,V,Buy,2023-01-05,55,208.67,0.00,11476.89
784,TSLA,Dividend,2023-09-20,0,0.00,4.15,0
785,AAPL,Sell,2023-02-06,-1,150.49,0.00,(150.49)
786,AMZN,Dividend,2023-12-20,0,0.00,3.88,0
787,JPM,Sell,2023-10-05,-29,141.20,0.00,(4094.82)
788,NFLX,Buy,2024-05-23,89,635.67,0.00,56574.63
789,GOOGL,Sell,2024-05-13,-23,168.95,0.00,(3885.76)
790,V,Dividend,2023-09-22,0,0.00,1.08,0
791,META,Dividend,2023-04-21,0,0.00,4.43,0
792,AAPL,Dividend,2023-03-30,0,0.00,2.81,0
793,MSFT,Dividend,2023-05-11,0,0.00,4.24,0
794,MSFT,Dividend,2023-08-08,0,0.00,4.36,0
795,AMZN,Buy,2023-02-07,33,102.11,0.00,3369.63
796,TSLA,Buy,2023-03-03,6,197.79,0.00,1186.74
797,V,Dividend,2023-12-13,0,0.00,4.78,0
798,JPM,Sell,2023-01-30,-1,134.48,0.00,(134.48)
799,AAPL,Buy,2023-10-13,41,178.15,0.00,7303.96
800,AAPL,Dividend,2023-10-12,0,0.00,3.86,0
801,AAPL,Sell,2023-10-09,-2,178.28,0.00,(356.57)
802,NVDA,Sell,2023-09-22,-71,41.60,0.00,(2953.67)
803,AMZN,Buy,2024-02-26,78,174.73,0.00,13628.94
804,NFLX,Buy,2023-04-12,8,331.03,0.00,2648.24
805,MSFT,Buy,2023-04-10,51,286.52,0.00,14612.39
806,NFLX,Dividend,2024-04-19,0,0.00,1.77,0
807,MSFT,Dividend,2023-07-24,0,0.00,4.80,0
808,NFLX,Sell,2023-07-03,-1,441.44,0.00,(441.44)
809,META,Sell,2023-01-11,-1,132.62,0.00,(132.62)
810,V,Sell,2023-12-28,-14,259.44,0.00,(3632.09)
811,META,Sell,2024-02-06,-45,453.79,0.00,(20420.44)
812,MSFT,Sell,2023-06-21,-1,330.97,0.00,(330.97)
813,V,Buy,2023-05-09,21,231.02,0.00,4851.34
814,AAPL,Buy,2023-06-15,10,185.03,0.00,1850.27
815,TSLA,Dividend,2023-07-06,0,0.00,1.15,0
816,MSFT,Sell,2023-09-14,-35,336.78,0.00,(11787.39)
817,GOOGL,Buy,2024-05-14,96,170.14,0.00,16333.89
818,AAPL,Dividend,2024-04-25,0,0.00,2.84,0
819,META,Buy,2023-06-16,24,280.42,0.00,6730.17
820,JPM,Dividend,2023-11-02,0,0.00,4.61,0
821,AMZN,Dividend,2024-04-30,0,0.00,3.06,0
822,NVDA,Sell,2024-05-09,-2,88.74,0.00,(177.48)
823,MSFT,Dividend,2023-03-20,0,0.00,4.42,0
824,TSLA,Sell,2024-04-02,-12,166.63,0.00,(1999.56)
825,NFLX,Buy,2023-02-24,85,317.15,0.00,26957.75
826,AMZN,Dividend,2024-06-21,0,0.00,3.44,0
827,META,Buy,2023-12-15,5,334.23,0.00,1671.17
828,GOOGL,Dividend,2023-11-15,0,0.00,4.87,0
829,JPM,Sell,2023-03-10,-85,129.19,0.00,(10980.75)
830,V,Buy,2023-04-11,80,226.25,0.00,18100.21
831,AMZN,Buy,2024-05-28,81,182.15,0.00,14754.15
832,NFLX,Dividend,2024-02-29,0,0.00,4.15,0
833,GOOGL,Sell,2024-03-22,-51,150.60,0.00,(7680.46)
834,TSLA,Sell,2023-08-17,-58,219.22,0.00,(12714.76)
835,MSFT,Sell,2023-03-30,-5,281.23,0.00,(1406.15)
836,AAPL,Buy,2024-01-05,69,180.70,0.00,12468.58
837,JPM,Sell,2023-02-15,-25,139.00,0.00,(3474.91)
838,META,Dividend,2024-03-05,0,0.00,4.86,0
839,TSLA,Buy,2023-09-06,28,251.92,0.00,7053.76
840,MSFT,Sell,2023-09-21,-16,317.72,0.00,(5083.54)
841,MSFT,Buy,2023-08-31,76,325.90,0.00,24768.74
842,AMZN,Dividend,2023-11-03,0,0.00,3.86,0
843,V,Sell,2024-06-13,-16,271.19,0.00,(4339.04)
844,JPM,Sell,2024-03-20,-8,195.19,0.00,(1561.53)
845,TSLA,Sell,2023-04-24,-9,162.55,0.00,(1462.95)
846,JPM,Buy,2023-02-06,11,137.18,0.00,1508.97
847,NVDA,Buy,2024-03-11,14,85.77,0.00,1200.74
848,JPM,Buy,2023-01-11,38,134.97,0.00,5128.69
849,AAPL,Dividend,2024-04-25,0,0.00,3.24,0
850,NFLX,Sell,2024-04-04,-26,617.14,0.00,(16045.64)
851,AMZN,Dividend,2023-10-05,0,0.00,3.72,0
852,AAPL,Buy,2023-11-03,76,175.95,0.00,13372.51
853,MSFT,Buy,2023-10-16,41,330.76,0.00,13561.03
854,TSLA,Dividend,2024-01-17,0,0.00,4.37,0
855,MSFT,Dividend,2023-01-03,0,0.00,1.83,0
856,NFLX,Sell,2024-02-09,-39,561.32,0.00,(21891.48)
857,AAPL,Buy,2024-03-26,2,169.48,0.00,338.96
858,V,Buy,2023-06-06,87,226.47,0.00,19702.5
859,NVDA,Sell,2023-09-28,-57,43.08,0.00,(2455.54)
860,V,Dividend,2023-04-05,0,0.00,3.27,0
861,GOOGL,Buy,2023-09-01,4,135.50,0.00,542.02
862,MSFT,Dividend,2023-12-19,0,0.00,0.81,0
863,GOOGL,Sell,2024-05-28,-42,176.20,0.00,(7400.31)
864,AMZN,Buy,2024-01-24,41,156.87,0.00,6431.67
865,MSFT,Dividend,2023-09-11,0,0.00,3.47,0
866,TSLA,Dividend,2024-04-18,0,0.00,4.70,0
867,AMZN,Dividend,2024-04-24,0,0.00,3.19,0
868,NFLX,Dividend,2024-03-11,0,0.00,3.08,0
869,NVDA,Buy,2023-12-13,17,48.08,0.00,817.39
870,NVDA,Sell,2023-08-22,-19,45.65,0.00,(867.43)
871,AMZN,Buy,2024-06-20,97,186.10,0.00,18051.7
872,NVDA,Dividend,2024-05-22,0,0.00,1.41,0
873,MSFT,Buy,2023-05-22,87,318.69,0.00,27725.77
874,TSLA,Buy,2024-04-02,100,166.63,0.00,16663.0
875,GOOGL,Dividend,2023-07-25,0,0.00,2.07,0
876,V,Buy,2023-02-24,2,217.44,0.00,434.88
877,JPM,Sell,2024-05-17,-29,204.79,0.00,(5938.91)
878,GOOGL,Dividend,2023-06-16,0,0.00,3.27,0
879,META,Sell,2023-05-19,-25,245.14,0.00,(6128.41)
880,JPM,Buy,2023-03-23,31,122.60,0.00,3800.69
881,GOOGL,Sell,2023-07-17,-21,124.51,0.00,(2614.65)
882,AMZN,Buy,2023-04-20,64,103.81,0.00,6643.84
883,AAPL,Dividend,2024-05-21,0,0.00,3.69,0
884,AMZN,Buy,2023-04-24,70,106.21,0.00,7434.7
885,V,Buy,2024-04-17,70,272.19,0.00,19053.04
886,TSLA,Dividend,2023-02-22,0,0.00,3.60,0
887,MSFT,Buy,2023-11-03,38,350.80,0.00,13330.5
888,NFLX,Sell,2023-06-01,-1,403.13,0.00,(403.13)
889,V,Sell,2023-01-24,-49,221.30,0.00,(10843.85)
890,MSFT,Buy,2023-10-31,10,336.20,0.00,3361.96
891,AMZN,Sell,2023-05-19,-22,116.25,0.00,(2557.5)
892,AAPL,Sell,2024-02-21,-14,182.07,0.00,(2549.02)
893,V,Sell,2023-04-13,-31,230.45,0.00,(7144.01)
894,META,Sell,2023-03-09,-1,181.32,0.00,(181.32)
895,GOOGL,Sell,2023-06-30,-39,119.56,0.00,(4662.95)
896,META,Sell,2023-02-23,-17,171.69,0.00,(2918.68)
897,NVDA,Dividend,2023-11-24,0,0.00,1.52,0
898,MSFT,Buy,2023-11-01,47,344.11,0.00,16173.21
899,NFLX,Dividend,2024-04-17,0,0.00,1.72,0
900,META,Sell,2023-08-14,-19,305.56,0.00,(5805.68)
901,META,Sell,2023-06-05,-13,270.83,0.00,(3520.84)
902,AAPL,Dividend,2023-12-05,0,0.00,2.17,0
903,AAPL,Buy,2024-03-18,8,173.48,0.00,1387.88
904,META,Dividend,2023-06-27,0,0.00,3.37,0
905,MSFT,Sell,2023-12-20,-31,369.27,0.00,(11447.36)
906,GOOGL,Sell,2023-05-10,-18,111.62,0.00,(2009.19)
907,JPM,Sell,2024-03-01,-23,184.22,0.00,(4236.96)
908,NFLX,Buy,2023-01-24,17,363.83,0.00,6185.11
909,AMZN,Dividend,2023-05-18,0,0.00,2.25,0
910,NFLX,Dividend,2023-05-01,0,0.00,4.19,0
911,V,Sell,2023-01-31,-46,227.55,0.00,(10467.3)
912,TSLA,Buy,2023-12-05,80,238.72,0.00,19097.6
913,NFLX,Sell,2023-10-16,-61,360.82,0.00,(22010.02)
914,META,Buy,2024-06-17,11,506.63,0.00,5572.93
915,NVDA,Buy,2023-06-08,2,38.50,0.00,77.0
916,TSLA,Sell,2023-08-29,-4,257.18,0.00,(1028.72)
917,AAPL,Dividend,2023-02-06,0,0.00,0.77,0
918,NVDA,Sell,2024-01-24,-12,61.35,0.00,(736.25)
919,META,Sell,2024-01-19,-11,382.66,0.00,(4209.3)
920,MSFT,Dividend,2024-05-28,0,0.00,2.12,0
921,AAPL,Dividend,2023-08-24,0,0.00,0.71,0
922,JPM,Sell,2023-11-24,-64,151.71,0.00,(9709.7)
923,AMZN,Dividend,2024-02-28,0,0.00,3.15,0
924,NFLX,Buy,2024-02-29,5,602.92,0.00,3014.6
925,AMZN,Buy,2023-01-13,20,98.12,0.00,1962.4
926,META,Buy,2024-05-08,76,472.13,0.00,35881.98
927,AMZN,Sell,2024-03-21,-19,178.15,0.00,(3384.85)
928,NFLX,Buy,2024-02-22,49,588.47,0.00,28835.03
929,MSFT,Buy,2023-02-28,75,246.94,0.00,18520.81
930,NVDA,Dividend,2023-06-05,0,0.00,0.82,0
931,TSLA,Sell,2024-04-05,-41,164.90,0.00,(6760.9)
932,TSLA,Dividend,2023-02-27,0,0.00,2.69,0
933,META,Buy,2023-01-05,62,126.68,0.00,7854.14
934,AMZN,Dividend,2023-09-21,0,0.00,4.07,0
935,TSLA,Sell,2024-05-01,-21,179.99,0.00,(3779.79)
936,META,Buy,2023-06-15,47,281.25,0.00,13218.85
937,NVDA,Buy,2023-05-11,30,28.57,0.00,856.99
938,NFLX,Sell,2023-05-25,-10,359.00,0.00,(3590.0)
939,MSFT,Dividend,2023-01-24,0,0.00,0.78,0
940,MSFT,Sell,2023-06-29,-8,332.45,0.00,(2659.59)
941,AAPL,Dividend,2024-01-29,0,0.00,3.47,0
942,AMZN,Buy,2023-05-16,49,113.40,0.00,5556.6
943,AAPL,Buy,2023-09-25,48,175.39,0.00,8418.54
944,AMZN,Sell,2023-08-04,-10,139.57,0.00,(1395.7)
945,V,Sell,2024-06-26,-22,273.60,0.00,(6019.2)
946,V,Dividend,2024-06-06,0,0.00,3.16,0
947,NVDA,Buy,2024-05-21,76,95.38,0.00,7248.74
948,TSLA,Buy,2023-05-25,87,184.47,0.00,16048.89
949,GOOGL,Dividend,2024-05-30,0,0.00,1.57,0
950,META,Sell,2023-01-09,-59,129.20,0.00,(7623.07)
951,AAPL,Buy,2023-01-27,59,144.74,0.00,8539.52
952,TSLA,Sell,2023-09-05,-4,256.49,0.00,(1025.96)
953,META,Sell,2023-04-11,-13,213.41,0.00,(2774.35)
954,JPM,Buy,2023-08-30,92,145.33,0.00,13369.97
955,AAPL,Sell,2024-03-25,-33,170.62,0.00,(5630.41)
956,TSLA,Sell,2023-09-20,-11,262.59,0.00,(2888.49)
957,TSLA,Sell,2023-12-18,-8,252.08,0.00,(2016.64)
958,JPM,Sell,2024-06-25,-8,198.07,0.00,(1584.56)
959,AAPL,Buy,2024-06-20,31,209.68,0.00,6500.08
960,JPM,Dividend,2023-01-26,0,0.00,0.86,0
961,AAPL,Buy,2023-01-26,71,142.78,0.00,10137.64
962,NFLX,Dividend,2023-10-20,0,0.00,4.40,0
963,AAPL,Buy,2024-04-09,49,169.44,0.00,8302.57
964,TSLA,Dividend,2023-07-28,0,0.00,0.93,0
965,NFLX,Buy,2023-03-20,82,305.13,0.00,25020.66
966,AAPL,Buy,2024-03-01,44,179.42,0.00,7894.33
967,GOOGL,Sell,2023-03-23,-91,105.48,0.00,(9598.58)
968,TSLA,Sell,2024-05-08,-17,174.72,0.00,(2970.24)
969,GOOGL,Buy,2023-04-27,12,107.47,0.00,1289.6
970,NFLX,Sell,2024-05-02,-29,565.15,0.00,(16389.35)
971,MSFT,Sell,2023-09-21,-16,317.72,0.00,(5083.54)
972,NFLX,Buy,2024-02-23,41,583.56,0.00,23925.96
973,NVDA,Dividend,2023-12-06,0,0.00,1.35,0
974,AMZN,Sell,2023-12-14,-5,147.42,0.00,(737.1)
975,NVDA,Sell,2023-05-30,-16,40.09,0.00,(641.52)
976,TSLA,Buy,2023-05-01,83,161.83,0.00,13431.89
977,META,Sell,2023-12-14,-23,332.49,0.00,(7647.2)
978,NVDA,Sell,2024-05-10,-1,89.87,0.00,(89.87)
979,META,Sell,2023-02-09,-11,177.56,0.00,(1953.11)
980,V,Sell,2023-07-12,-42,240.35,0.00,(10094.62)
981,AAPL,Dividend,2023-01-17,0,0.00,3.61,0
982,AMZN,Buy,2023-06-23,46,129.33,0.00,5949.18
983,V,Sell,2023-03-13,-19,212.41,0.00,(4035.74)
984,AMZN,Dividend,2024-05-15,0,0.00,2.72,0
985,JPM,Dividend,2023-01-20,0,0.00,4.42,0
986,TSLA,Sell,2024-05-07,-41,177.81,0.00,(7290.21)
987,AAPL,Sell,2023-02-16,-34,152.69,0.00,(5191.35)
988,MSFT,Sell,2024-01-18,-46,392.44,0.00,(18052.02)
989,MSFT,Buy,2023-11-08,3,361.14,0.00,1083.43
990,META,Sell,2023-06-01,-7,272.05,0.00,(1904.36)
991,AAPL,Buy,2023-12-12,88,194.20,0.00,17089.47
992,MSFT,Sell,2024-04-30,-19,388.63,0.00,(7383.95)
993,GOOGL,Buy,2024-05-28,67,176.20,0.00,11805.25
994,JPM,Buy,2023-03-15,37,123.98,0.00,4587.09
995,AAPL,Sell,2023-11-29,-65,188.87,0.00,(12276.71)
996,V,Sell,2023-10-09,-6,233.08,0.00,(1398.45)
997,AMZN,Buy,2023-07-25,34,129.13,0.00,4390.42
998,GOOGL,Buy,2023-05-31,24,122.73,0.00,2945.5
999,TSLA,Sell,2024-03-01,-3,202.64,0.00,(607.92)
